,Game_Name,Peak_Players
54,PUBG: Battlegrounds,998869.925925926
23,Dota 2,784588.0
13,Counter Strike: Global Offensive,577124.8818181818
3,Apex Legends,234866.2
48,NARAKA: BLADEPOINT,160720.0
20,Destiny 2,130109.73913043478
40,Grand Theft Auto V,127191.63636363637
84,Valheim,122327.57142857143
79,Tom Clancy's Rainbow Six Seige,101828.15942028986
46,Monster Hunter: World,89808.54054054055
